commit_id,repo_id,contributor_id,commit_date,lines_added,lines_deleted,commit_message,branch
1,1,1,2024-01-05 09:15:00,120,30,Initial ETL pipeline setup,main
2,1,2,2024-01-06 10:30:00,85,10,Add S3 connector module,feature/s3
3,2,1,2024-01-08 14:00:00,200,50,Dashboard schema v1,main
4,3,3,2024-01-10 11:00:00,60,5,API rate limiter fix,hotfix
5,1,4,2024-01-12 09:45:00,30,15,Unit tests for ETL,test
6,4,1,2024-01-15 16:00:00,180,20,ML model versioning logic,main
7,2,9,2024-01-18 10:00:00,95,0,Power BI DAX measures added,feature/dax
8,5,5,2024-01-20 13:30:00,45,5,Login UI component,feature/auth
9,1,6,2024-01-22 09:00:00,150,40,Spark job optimization,main
10,3,3,2024-01-25 11:45:00,70,10,Add JWT auth middleware,feature/auth
11,2,1,2024-02-01 10:00:00,110,20,KPI report schema update,main
12,4,7,2024-02-05 14:00:00,55,5,Feature flag implementation,feature/flags
13,1,2,2024-02-08 09:30:00,90,25,Delta Lake integration,main
14,5,8,2024-02-10 15:00:00,20,10,QA test scripts for login,test
15,3,10,2024-02-12 11:00:00,130,30,Kafka consumer refactor,main
16,2,9,2024-02-15 10:30:00,75,0,Add drill-through report page,feature/drillthrough
17,4,1,2024-02-18 14:00:00,200,60,Model accuracy benchmarking,main
18,1,6,2024-02-20 09:00:00,165,45,Pipeline monitoring alerts,main
19,5,5,2024-02-22 13:00:00,40,5,Dashboard layout responsive fix,feature/ui
20,3,3,2024-02-25 10:00:00,95,15,gRPC endpoint optimization,main
